-- 004_chicken_sample_data.sql
-- Clear all fuel-related data and populate with chicken / poultry industry sample data.
-- Safe to re-run (uses ON CONFLICT DO NOTHING / DO UPDATE).
--
-- Fixed UUIDs:
--   Company  : 11111111-1111-1111-1111-111111111111
--   Admin    : 99999999-9999-9999-9999-999999999999
--   Branch HO: 22222222-2222-2222-2222-222222222201

-- ============================================================================
-- 1. CLEAR FUEL MODULE DATA (respect FK order)
-- ============================================================================

DELETE FROM fuel_reconciliations  WHERE company_id = '11111111-1111-1111-1111-111111111111';
DELETE FROM pump_readings          USING pumps        WHERE pump_readings.pump_id = pumps.id AND pumps.company_id = '11111111-1111-1111-1111-111111111111';
DELETE FROM pumps                  WHERE company_id = '11111111-1111-1111-1111-111111111111';
DELETE FROM retail_shifts          WHERE company_id = '11111111-1111-1111-1111-111111111111';
DELETE FROM fuel_deliveries        WHERE company_id = '11111111-1111-1111-1111-111111111111';
DELETE FROM tank_readings          USING fuel_tanks   WHERE tank_readings.tank_id = fuel_tanks.id AND fuel_tanks.company_id = '11111111-1111-1111-1111-111111111111';
DELETE FROM fuel_tanks             WHERE company_id = '11111111-1111-1111-1111-111111111111';

-- Deactivate any fuel items (is_fuel = true)
UPDATE items SET is_active = false
WHERE company_id = '11111111-1111-1111-1111-111111111111'
  AND is_fuel = true;

-- ============================================================================
-- 2. WAREHOUSES
-- ============================================================================

INSERT INTO warehouses (id, company_id, branch_id, code, name, warehouse_type, address, is_active) VALUES
  ('bbbb0001-0000-0000-0000-000000000001', '11111111-1111-1111-1111-111111111111', '22222222-2222-2222-2222-222222222201', 'WH-MAIN',  'Main Feed Store',          'general', 'Head Office, Manila',   true),
  ('bbbb0001-0000-0000-0000-000000000002', '11111111-1111-1111-1111-111111111111', '22222222-2222-2222-2222-222222222202', 'WH-FARM1', 'Farm Site 1 Feed Store',   'general', 'San Pablo, Laguna',     true),
  ('bbbb0001-0000-0000-0000-000000000003', '11111111-1111-1111-1111-111111111111', '22222222-2222-2222-2222-222222222203', 'WH-FARM2', 'Farm Site 2 Feed Store',   'general', 'Calamba, Laguna',       true),
  ('bbbb0001-0000-0000-0000-000000000004', '11111111-1111-1111-1111-111111111111', '22222222-2222-2222-2222-222222222201', 'WH-MEDS',  'Medicine & Vaccine Store', 'general', 'Head Office, Manila',   true)
ON CONFLICT (company_id, code) DO UPDATE SET name = EXCLUDED.name, is_active = EXCLUDED.is_active;

-- ============================================================================
-- 3. ITEM CATEGORIES
-- ============================================================================

INSERT INTO item_categories (id, company_id, code, name) VALUES
  ('aaaa0001-0000-0000-0000-000000000001', '11111111-1111-1111-1111-111111111111', 'DOC',       'Day-Old Chicks'),
  ('aaaa0001-0000-0000-0000-000000000002', '11111111-1111-1111-1111-111111111111', 'FEEDS',     'Poultry Feeds'),
  ('aaaa0001-0000-0000-0000-000000000003', '11111111-1111-1111-1111-111111111111', 'VET',       'Medicines & Vaccines'),
  ('aaaa0001-0000-0000-0000-000000000004', '11111111-1111-1111-1111-111111111111', 'BIRDS',     'Live Birds'),
  ('aaaa0001-0000-0000-0000-000000000005', '11111111-1111-1111-1111-111111111111', 'DRESSED',   'Dressed & Processed'),
  ('aaaa0001-0000-0000-0000-000000000006', '11111111-1111-1111-1111-111111111111', 'BYPRODUCT', 'By-Products'),
  ('aaaa0001-0000-0000-0000-000000000007', '11111111-1111-1111-1111-111111111111', 'PACK',      'Packaging Materials')
ON CONFLICT (company_id, code) DO UPDATE SET name = EXCLUDED.name;

-- ============================================================================
-- 4. ITEMS
-- ============================================================================

INSERT INTO items (id, company_id, category_id, sku, name, uom, item_type, costing_method,
                   standard_cost, selling_price, reorder_point, is_active) VALUES
  -- Day-Old Chicks
  ('cccc0001-0000-0000-0000-000000000001','11111111-1111-1111-1111-111111111111',
   'aaaa0001-0000-0000-0000-000000000001','DOC-ROSS308','Ross 308 Day-Old Chicks',      'heads','stock','weighted_avg',  45.00,   0.00,  500, true),
  ('cccc0001-0000-0000-0000-000000000002','11111111-1111-1111-1111-111111111111',
   'aaaa0001-0000-0000-0000-000000000001','DOC-COBB500','Cobb 500 Day-Old Chicks',      'heads','stock','weighted_avg',  42.00,   0.00,  500, true),
  -- Feeds
  ('cccc0001-0000-0000-0000-000000000003','11111111-1111-1111-1111-111111111111',
   'aaaa0001-0000-0000-0000-000000000002','FEED-STARTER','Starter Mash (50kg bag)',     'bags', 'stock','weighted_avg', 850.00,   0.00,  100, true),
  ('cccc0001-0000-0000-0000-000000000004','11111111-1111-1111-1111-111111111111',
   'aaaa0001-0000-0000-0000-000000000002','FEED-GROWER', 'Grower Pellets (50kg bag)',   'bags', 'stock','weighted_avg', 820.00,   0.00,  100, true),
  ('cccc0001-0000-0000-0000-000000000005','11111111-1111-1111-1111-111111111111',
   'aaaa0001-0000-0000-0000-000000000002','FEED-FINISH', 'Finisher Pellets (50kg bag)', 'bags', 'stock','weighted_avg', 800.00,   0.00,  100, true),
  ('cccc0001-0000-0000-0000-000000000016','11111111-1111-1111-1111-111111111111',
   'aaaa0001-0000-0000-0000-000000000002','FEED-PREMIX', 'Vitamin-Mineral Premix (1kg)','kg',   'stock','weighted_avg', 450.00,   0.00,   50, true),
  -- Medicines & Vaccines
  ('cccc0001-0000-0000-0000-000000000006','11111111-1111-1111-1111-111111111111',
   'aaaa0001-0000-0000-0000-000000000003','VAC-ND',      'Newcastle Disease Vaccine',   'vials','stock','fifo',          25.00,   0.00,  200, true),
  ('cccc0001-0000-0000-0000-000000000015','11111111-1111-1111-1111-111111111111',
   'aaaa0001-0000-0000-0000-000000000003','VAC-IBD',     'IBD (Gumboro) Vaccine',       'vials','stock','fifo',          28.00,   0.00,  200, true),
  ('cccc0001-0000-0000-0000-000000000017','11111111-1111-1111-1111-111111111111',
   'aaaa0001-0000-0000-0000-000000000003','MED-ANTIB',   'Antibiotic Solution (500ml)', 'btl',  'stock','fifo',         120.00,   0.00,   50, true),
  -- Live Birds
  ('cccc0001-0000-0000-0000-000000000007','11111111-1111-1111-1111-111111111111',
   'aaaa0001-0000-0000-0000-000000000004','LB-BROILER',  'Live Broiler Chicken',        'kg',   'stock','weighted_avg',  95.00, 115.00,    0, true),
  -- Dressed & Processed
  ('cccc0001-0000-0000-0000-000000000008','11111111-1111-1111-1111-111111111111',
   'aaaa0001-0000-0000-0000-000000000005','DC-DRESSED',  'Dressed Chicken (Whole)',     'kg',   'stock','weighted_avg', 140.00, 175.00,    0, true),
  ('cccc0001-0000-0000-0000-000000000009','11111111-1111-1111-1111-111111111111',
   'aaaa0001-0000-0000-0000-000000000005','DC-LEG-QTR',  'Chicken Leg Quarter',         'kg',   'stock','weighted_avg', 130.00, 160.00,    0, true),
  ('cccc0001-0000-0000-0000-000000000010','11111111-1111-1111-1111-111111111111',
   'aaaa0001-0000-0000-0000-000000000005','DC-BREAST',   'Chicken Breast',              'kg',   'stock','weighted_avg', 160.00, 200.00,    0, true),
  -- By-Products
  ('cccc0001-0000-0000-0000-000000000011','11111111-1111-1111-1111-111111111111',
   'aaaa0001-0000-0000-0000-000000000006','BP-FEET',     'Chicken Feet / Paws',         'kg',   'stock','weighted_avg',  40.00,  85.00,    0, true),
  ('cccc0001-0000-0000-0000-000000000012','11111111-1111-1111-1111-111111111111',
   'aaaa0001-0000-0000-0000-000000000006','BP-HEAD',     'Chicken Head',                'kg',   'stock','weighted_avg',  15.00,  30.00,    0, true),
  ('cccc0001-0000-0000-0000-000000000013','11111111-1111-1111-1111-111111111111',
   'aaaa0001-0000-0000-0000-000000000006','BP-LIVER',    'Chicken Liver',               'kg',   'stock','weighted_avg',  50.00,  90.00,    0, true),
  ('cccc0001-0000-0000-0000-000000000014','11111111-1111-1111-1111-111111111111',
   'aaaa0001-0000-0000-0000-000000000006','BP-GIZZARD',  'Chicken Gizzard',             'kg',   'stock','weighted_avg',  60.00, 100.00,    0, true),
  -- Packaging
  ('cccc0001-0000-0000-0000-000000000018','11111111-1111-1111-1111-111111111111',
   'aaaa0001-0000-0000-0000-000000000007','PACK-TRAY',   'Styrofoam Tray (10s/pack)',   'pack', 'stock','weighted_avg',  12.00,   0.00,  100, true),
  ('cccc0001-0000-0000-0000-000000000019','11111111-1111-1111-1111-111111111111',
   'aaaa0001-0000-0000-0000-000000000007','PACK-WRAP',   'Stretch Wrap Roll',           'roll', 'stock','weighted_avg',  85.00,   0.00,   20, true)
ON CONFLICT (company_id, sku) DO UPDATE
  SET name = EXCLUDED.name, uom = EXCLUDED.uom, standard_cost = EXCLUDED.standard_cost,
      selling_price = EXCLUDED.selling_price, category_id = EXCLUDED.category_id, is_active = EXCLUDED.is_active;

-- ============================================================================
-- 5. STOCK BALANCES
-- ============================================================================

INSERT INTO stock_balances (item_id, warehouse_id, qty_on_hand, avg_cost) VALUES
  ('cccc0001-0000-0000-0000-000000000003','bbbb0001-0000-0000-0000-000000000002', 480, 850.00),
  ('cccc0001-0000-0000-0000-000000000004','bbbb0001-0000-0000-0000-000000000002', 310, 820.00),
  ('cccc0001-0000-0000-0000-000000000005','bbbb0001-0000-0000-0000-000000000002', 190, 800.00),
  ('cccc0001-0000-0000-0000-000000000016','bbbb0001-0000-0000-0000-000000000002',  45, 450.00),
  ('cccc0001-0000-0000-0000-000000000006','bbbb0001-0000-0000-0000-000000000004', 380,  25.00),
  ('cccc0001-0000-0000-0000-000000000015','bbbb0001-0000-0000-0000-000000000004', 240,  28.00),
  ('cccc0001-0000-0000-0000-000000000017','bbbb0001-0000-0000-0000-000000000004',  60, 120.00),
  ('cccc0001-0000-0000-0000-000000000018','bbbb0001-0000-0000-0000-000000000001', 500,  12.00),
  ('cccc0001-0000-0000-0000-000000000019','bbbb0001-0000-0000-0000-000000000001',  15,  85.00)
ON CONFLICT (item_id, warehouse_id) DO UPDATE
  SET qty_on_hand = EXCLUDED.qty_on_hand, avg_cost = EXCLUDED.avg_cost;

-- ============================================================================
-- 6. SUPPLIERS
-- ============================================================================

INSERT INTO suppliers (id, company_id, code, name, supplier_type, tin, address, contact_person,
                        email, phone, payment_terms_days, is_vat_registered, ewt_rate, is_active) VALUES
  ('eeee0001-0000-0000-0000-000000000001','11111111-1111-1111-1111-111111111111',
   'TEST-S001','Aviagen Philippines Inc.','trade','000-111-222-000',
   'Laguna Technopark, Biñan, Laguna','Sales Team','sales@aviagen.ph','(02) 555-1001',30,true,1.00,true),
  ('eeee0001-0000-0000-0000-000000000002','11111111-1111-1111-1111-111111111111',
   'TEST-S002','Cargill Philippines Inc.','trade','000-222-333-000',
   'Bonifacio Global City, Taguig','Feed Sales Dept.','feed@cargill.ph','(02) 555-1002',30,true,1.00,true),
  ('eeee0001-0000-0000-0000-000000000003','11111111-1111-1111-1111-111111111111',
   'TEST-S003','San Miguel Foods Inc.','trade','000-333-444-000',
   'San Fernando, Pampanga','Accounts Mgr','accts@smfi.com.ph','(045) 555-1003',30,true,1.00,true),
  ('eeee0001-0000-0000-0000-000000000004','11111111-1111-1111-1111-111111111111',
   'TEST-S004','Intervet Philippines Inc.','trade','000-444-555-000',
   'Makati City','Vet Sales Team','vet@intervet.ph','(02) 555-1004',15,true,2.00,true),
  ('eeee0001-0000-0000-0000-000000000005','11111111-1111-1111-1111-111111111111',
   'TEST-S005','Elanco Animal Health Ph. Inc.','trade','000-555-666-000',
   'Taguig City','Phil Garcia','philgar@elanco.com','(02) 555-1005',15,true,2.00,true),
  ('eeee0001-0000-0000-0000-000000000006','11111111-1111-1111-1111-111111111111',
   'TEST-S006','Universal Robina Corp. - Feeds Div.','trade','000-666-777-000',
   'Pasig City','Feeds Division','feeds@urc.com.ph','(02) 555-1006',30,true,1.00,true)
ON CONFLICT (company_id, code) DO UPDATE
  SET name = EXCLUDED.name, address = EXCLUDED.address, ewt_rate = EXCLUDED.ewt_rate, is_active = EXCLUDED.is_active;

-- ============================================================================
-- 7. CUSTOMERS
-- ============================================================================

INSERT INTO customers (id, company_id, code, name, customer_type, tin, address, contact_person,
                        email, phone, payment_terms_days, credit_limit, is_vat_exempt, is_active) VALUES
  ('dddd0001-0000-0000-0000-000000000001','11111111-1111-1111-1111-111111111111',
   'TEST-C001','Bounty Agro Ventures Inc.','wholesale','123-456-789-000',
   'Cainta, Rizal','Ramon Cruz','ramon@bounty.com','0917-123-4567',30,500000,false,true),
  ('dddd0001-0000-0000-0000-000000000002','11111111-1111-1111-1111-111111111111',
   'TEST-C002','Magnolia Inc.','wholesale','987-654-321-000',
   'Mandaluyong City','Cathy Reyes','cathy@magnolia.com','0928-123-4567',15,1000000,false,true),
  ('dddd0001-0000-0000-0000-000000000003','11111111-1111-1111-1111-111111111111',
   'TEST-C003','Metro Wet Market Assoc.','trade','111-222-333-000',
   'Divisoria, Manila','Nestor Garcia','nestor@mwm.com','0939-123-4567',7,250000,false,true),
  ('dddd0001-0000-0000-0000-000000000004','11111111-1111-1111-1111-111111111111',
   'TEST-C004','Jollibee Foods Corporation','wholesale','444-555-666-000',
   'Ortigas Center, Pasig','Karen Santos','karen@jfc.com.ph','0945-123-4567',30,2000000,false,true),
  ('dddd0001-0000-0000-0000-000000000005','11111111-1111-1111-1111-111111111111',
   'TEST-C005','SM Supermarket Inc.','wholesale','777-888-999-000',
   'SM Mall of Asia, Pasay','Leo Tan','leo@sm.com.ph','0956-123-4567',30,3000000,false,true),
  ('dddd0001-0000-0000-0000-000000000006','11111111-1111-1111-1111-111111111111',
   'TEST-C006','Chooks-to-Go Corporation','wholesale','555-444-333-000',
   'Quezon City','Maria Reyes','supply@chooks.com.ph','0967-123-4567',30,1500000,false,true),
  ('dddd0001-0000-0000-0000-000000000007','11111111-1111-1111-1111-111111111111',
   'TEST-C007','Manila Hotel Food Supplies','wholesale','333-222-111-000',
   'Rizal Park, Manila','Chef Angelo','supply@manilahotel.com','0978-123-4567',15,800000,false,true)
ON CONFLICT (company_id, code) DO UPDATE
  SET name = EXCLUDED.name, credit_limit = EXCLUDED.credit_limit, is_active = EXCLUDED.is_active;

-- ============================================================================
-- 8. PURCHASE ORDERS
-- ============================================================================

INSERT INTO purchase_orders (id, company_id, branch_id, po_no, supplier_id, po_date, expected_date,
                              subtotal, vat_amount, total, status, created_by) VALUES
  -- DOC batch 1 from Aviagen (approved, fully received)
  ('pppp0001-0000-0000-0000-000000000001','11111111-1111-1111-1111-111111111111',
   '22222222-2222-2222-2222-222222222201',
   'PO-2026-000001',
   'eeee0001-0000-0000-0000-000000000001',
   '2026-04-01','2026-04-05',
   225000.00, 27000.00, 252000.00, 'approved',
   '99999999-9999-9999-9999-999999999999'),
  -- DOC batch 2 from Aviagen (approved, fully received)
  ('pppp0001-0000-0000-0000-000000000002','11111111-1111-1111-1111-111111111111',
   '22222222-2222-2222-2222-222222222202',
   'PO-2026-000002',
   'eeee0001-0000-0000-0000-000000000001',
   '2026-04-08','2026-04-12',
   126000.00, 15120.00, 141120.00, 'approved',
   '99999999-9999-9999-9999-999999999999'),
  -- Feed Grower + Finisher from Cargill (approved)
  ('pppp0001-0000-0000-0000-000000000003','11111111-1111-1111-1111-111111111111',
   '22222222-2222-2222-2222-222222222202',
   'PO-2026-000003',
   'eeee0001-0000-0000-0000-000000000002',
   '2026-04-10','2026-04-15',
   650000.00, 78000.00, 728000.00, 'approved',
   '99999999-9999-9999-9999-999999999999'),
  -- Vaccines from Intervet (approved) — 300×₱25 + 300×₱28 = ₱15,900 + 12% VAT
  ('pppp0001-0000-0000-0000-000000000004','11111111-1111-1111-1111-111111111111',
   '22222222-2222-2222-2222-222222222201',
   'PO-2026-000004',
   'eeee0001-0000-0000-0000-000000000004',
   '2026-04-18','2026-04-22',
   15900.00, 1908.00, 17808.00, 'approved',
   '99999999-9999-9999-9999-999999999999'),
  -- Feed Starter from URC (draft)
  ('pppp0001-0000-0000-0000-000000000005','11111111-1111-1111-1111-111111111111',
   '22222222-2222-2222-2222-222222222202',
   'PO-2026-000005',
   'eeee0001-0000-0000-0000-000000000006',
   '2026-05-02','2026-05-06',
   425000.00, 51000.00, 476000.00, 'draft',
   '99999999-9999-9999-9999-999999999999'),
  -- DOC batch 3 from Aviagen (approved, May)
  ('pppp0001-0000-0000-0000-000000000006','11111111-1111-1111-1111-111111111111',
   '22222222-2222-2222-2222-222222222201',
   'PO-2026-000006',
   'eeee0001-0000-0000-0000-000000000001',
   '2026-05-05','2026-05-09',
   180000.00, 21600.00, 201600.00, 'approved',
   '99999999-9999-9999-9999-999999999999')
ON CONFLICT (company_id, po_no) DO NOTHING;

-- PO Lines
INSERT INTO purchase_order_lines (id, po_id, line_no, item_id, description, quantity, qty_received, unit_price, vat_rate, line_total) VALUES
  ('pppp0002-0000-0000-0000-000000000001','pppp0001-0000-0000-0000-000000000001',1,
   'cccc0001-0000-0000-0000-000000000001','Ross 308 Day-Old Chicks',5000,5000,45.00,12,252000.00),
  ('pppp0002-0000-0000-0000-000000000002','pppp0001-0000-0000-0000-000000000002',1,
   'cccc0001-0000-0000-0000-000000000002','Cobb 500 Day-Old Chicks',3000,3000,42.00,12,141120.00),
  ('pppp0002-0000-0000-0000-000000000003','pppp0001-0000-0000-0000-000000000003',1,
   'cccc0001-0000-0000-0000-000000000004','Grower Pellets (50kg bag)',500,500,820.00,12,459200.00),
  ('pppp0002-0000-0000-0000-000000000004','pppp0001-0000-0000-0000-000000000003',2,
   'cccc0001-0000-0000-0000-000000000005','Finisher Pellets (50kg bag)',300,300,800.00,12,268800.00),
  ('pppp0002-0000-0000-0000-000000000005','pppp0001-0000-0000-0000-000000000004',1,
   'cccc0001-0000-0000-0000-000000000006','Newcastle Disease Vaccine',300,300,25.00,12,8400.00),
  ('pppp0002-0000-0000-0000-000000000006','pppp0001-0000-0000-0000-000000000004',2,
   'cccc0001-0000-0000-0000-000000000015','IBD (Gumboro) Vaccine',300,300,28.00,12,9408.00),
  ('pppp0002-0000-0000-0000-000000000007','pppp0001-0000-0000-0000-000000000005',1,
   'cccc0001-0000-0000-0000-000000000003','Starter Mash (50kg bag)',500,0,850.00,12,476000.00),
  ('pppp0002-0000-0000-0000-000000000008','pppp0001-0000-0000-0000-000000000006',1,
   'cccc0001-0000-0000-0000-000000000001','Ross 308 Day-Old Chicks',4000,0,45.00,12,201600.00)
ON CONFLICT (po_id, line_no) DO NOTHING;

-- ============================================================================
-- 9. GOODS RECEIPTS
-- ============================================================================

INSERT INTO goods_receipts (id, company_id, grn_no, po_id, warehouse_id, receipt_date, delivery_no, status, created_by) VALUES
  ('gggg0001-0000-0000-0000-000000000001','11111111-1111-1111-1111-111111111111',
   'GRN-2026-000001','pppp0001-0000-0000-0000-000000000001',
   'bbbb0001-0000-0000-0000-000000000002','2026-04-05','AVIAGEN-DR-0501','posted',
   '99999999-9999-9999-9999-999999999999'),
  ('gggg0001-0000-0000-0000-000000000002','11111111-1111-1111-1111-111111111111',
   'GRN-2026-000002','pppp0001-0000-0000-0000-000000000002',
   'bbbb0001-0000-0000-0000-000000000003','2026-04-12','AVIAGEN-DR-0512','posted',
   '99999999-9999-9999-9999-999999999999'),
  ('gggg0001-0000-0000-0000-000000000003','11111111-1111-1111-1111-111111111111',
   'GRN-2026-000003','pppp0001-0000-0000-0000-000000000003',
   'bbbb0001-0000-0000-0000-000000000002','2026-04-16','CARGILL-DR-1042','posted',
   '99999999-9999-9999-9999-999999999999'),
  ('gggg0001-0000-0000-0000-000000000004','11111111-1111-1111-1111-111111111111',
   'GRN-2026-000004','pppp0001-0000-0000-0000-000000000004',
   'bbbb0001-0000-0000-0000-000000000004','2026-04-22','INTERVET-DR-2204','posted',
   '99999999-9999-9999-9999-999999999999')
ON CONFLICT (company_id, grn_no) DO NOTHING;

INSERT INTO goods_receipt_lines (id, grn_id, po_line_id, line_no, qty_received, unit_cost) VALUES
  ('hhhh0001-0000-0000-0000-000000000001','gggg0001-0000-0000-0000-000000000001',
   'pppp0002-0000-0000-0000-000000000001',1,5000,45.00),
  ('hhhh0001-0000-0000-0000-000000000002','gggg0001-0000-0000-0000-000000000002',
   'pppp0002-0000-0000-0000-000000000002',1,3000,42.00),
  ('hhhh0001-0000-0000-0000-000000000003','gggg0001-0000-0000-0000-000000000003',
   'pppp0002-0000-0000-0000-000000000003',1,500,820.00),
  ('hhhh0001-0000-0000-0000-000000000004','gggg0001-0000-0000-0000-000000000003',
   'pppp0002-0000-0000-0000-000000000004',2,300,800.00),
  ('hhhh0001-0000-0000-0000-000000000005','gggg0001-0000-0000-0000-000000000004',
   'pppp0002-0000-0000-0000-000000000005',1,300,25.00),
  ('hhhh0001-0000-0000-0000-000000000006','gggg0001-0000-0000-0000-000000000004',
   'pppp0002-0000-0000-0000-000000000006',2,300,28.00)
ON CONFLICT (grn_id, line_no) DO NOTHING;

-- ============================================================================
-- 10. BILLS (AP)
-- ============================================================================

INSERT INTO bills (id, company_id, branch_id, bill_no, internal_no, supplier_id,
                   bill_date, due_date, currency, subtotal, vat_amount, ewt_amount,
                   total, amount_paid, balance, status, created_by) VALUES
  -- Aviagen: DOC batch 1 (paid)
  ('a1b20001-0000-0000-0000-000000000001','11111111-1111-1111-1111-111111111111',
   '22222222-2222-2222-2222-222222222201',
   'AVIAGEN-INV-2026-001','BL-2026-000001',
   'eeee0001-0000-0000-0000-000000000001',
   '2026-04-01','2026-05-01','PHP',
   225000.00, 27000.00, 2250.00, 252000.00, 252000.00, 0.00, 'approved',
   '99999999-9999-9999-9999-999999999999'),
  -- Aviagen: DOC batch 2 (unpaid balance)
  ('a1b20001-0000-0000-0000-000000000002','11111111-1111-1111-1111-111111111111',
   '22222222-2222-2222-2222-222222222202',
   'AVIAGEN-INV-2026-002','BL-2026-000002',
   'eeee0001-0000-0000-0000-000000000001',
   '2026-04-08','2026-05-08','PHP',
   126000.00, 15120.00, 1260.00, 141120.00, 0.00, 141120.00, 'approved',
   '99999999-9999-9999-9999-999999999999'),
  -- Cargill: Feed Grower + Finisher (partially paid)
  ('a1b20001-0000-0000-0000-000000000003','11111111-1111-1111-1111-111111111111',
   '22222222-2222-2222-2222-222222222202',
   'CARGILL-INV-2026-042','BL-2026-000003',
   'eeee0001-0000-0000-0000-000000000002',
   '2026-04-10','2026-05-10','PHP',
   650000.00, 78000.00, 6500.00, 728000.00, 300000.00, 428000.00, 'approved',
   '99999999-9999-9999-9999-999999999999'),
  -- Intervet: Vaccines (draft) — 300×₱25 + 300×₱28 = ₱15,900 + 12% VAT; EWT 2% = ₱318
  ('a1b20001-0000-0000-0000-000000000004','11111111-1111-1111-1111-111111111111',
   '22222222-2222-2222-2222-222222222201',
   'INTERVET-INV-2026-198','BL-2026-000004',
   'eeee0001-0000-0000-0000-000000000004',
   '2026-04-22','2026-05-07','PHP',
   15900.00, 1908.00, 318.00, 17808.00, 0.00, 17808.00, 'draft',
   '99999999-9999-9999-9999-999999999999'),
  -- Aviagen: DOC batch 3 (draft, May)
  ('a1b20001-0000-0000-0000-000000000005','11111111-1111-1111-1111-111111111111',
   '22222222-2222-2222-2222-222222222201',
   'AVIAGEN-INV-2026-003','BL-2026-000005',
   'eeee0001-0000-0000-0000-000000000001',
   '2026-05-09','2026-06-08','PHP',
   180000.00, 21600.00, 1800.00, 201600.00, 0.00, 201600.00, 'draft',
   '99999999-9999-9999-9999-999999999999')
ON CONFLICT (company_id, internal_no) DO NOTHING;

INSERT INTO bill_lines (bill_id, line_no, item_id, description, quantity, unit_price,
                        vat_rate, line_subtotal, line_vat, line_total, expense_account_id) VALUES
  ('a1b20001-0000-0000-0000-000000000001',1,
   'cccc0001-0000-0000-0000-000000000001',
   'Ross 308 Day-Old Chicks',5000,45.00,12,225000.00,27000.00,252000.00,
   (SELECT id FROM accounts WHERE company_id = '11111111-1111-1111-1111-111111111111' AND code = '50001' LIMIT 1)),
  ('a1b20001-0000-0000-0000-000000000002',1,
   'cccc0001-0000-0000-0000-000000000001',
   'Ross 308 Day-Old Chicks',3000,42.00,12,126000.00,15120.00,141120.00,
   (SELECT id FROM accounts WHERE company_id = '11111111-1111-1111-1111-111111111111' AND code = '50001' LIMIT 1)),
  ('a1b20001-0000-0000-0000-000000000003',1,
   'cccc0001-0000-0000-0000-000000000004',
   'Grower Pellets (50kg bag)',500,820.00,12,410000.00,49200.00,459200.00,
   (SELECT id FROM accounts WHERE company_id = '11111111-1111-1111-1111-111111111111' AND code = '50003' LIMIT 1)),
  ('a1b20001-0000-0000-0000-000000000003',2,
   'cccc0001-0000-0000-0000-000000000005',
   'Finisher Pellets (50kg bag)',300,800.00,12,240000.00,28800.00,268800.00,
   (SELECT id FROM accounts WHERE company_id = '11111111-1111-1111-1111-111111111111' AND code = '50003' LIMIT 1)),
  ('a1b20001-0000-0000-0000-000000000004',1,
   'cccc0001-0000-0000-0000-000000000006',
   'Newcastle Disease Vaccine (300 vials)',300,25.00,12,7500.00,900.00,8400.00,
   (SELECT id FROM accounts WHERE company_id = '11111111-1111-1111-1111-111111111111' AND code = '50006' LIMIT 1)),
  ('a1b20001-0000-0000-0000-000000000004',2,
   'cccc0001-0000-0000-0000-000000000015',
   'IBD Vaccine (300 vials)',300,28.00,12,8400.00,1008.00,9408.00,
   (SELECT id FROM accounts WHERE company_id = '11111111-1111-1111-1111-111111111111' AND code = '50006' LIMIT 1)),
  ('a1b20001-0000-0000-0000-000000000005',1,
   'cccc0001-0000-0000-0000-000000000001',
   'Ross 308 Day-Old Chicks',4000,45.00,12,180000.00,21600.00,201600.00,
   (SELECT id FROM accounts WHERE company_id = '11111111-1111-1111-1111-111111111111' AND code = '50001' LIMIT 1))
ON CONFLICT (bill_id, line_no) DO NOTHING;

-- ============================================================================
-- 11. SALES INVOICES (AR)
-- ============================================================================

INSERT INTO sales_invoices (id, company_id, branch_id, invoice_no, customer_id,
                             invoice_date, due_date, currency,
                             subtotal, vat_amount, total, amount_paid, balance,
                             status, created_by) VALUES
  -- Live Broiler to Bounty Agro (open)
  ('ffff0001-0000-0000-0000-000000000001','11111111-1111-1111-1111-111111111111',
   '22222222-2222-2222-2222-222222222201','SI-2026-000001',
   'dddd0001-0000-0000-0000-000000000001',
   '2026-04-10','2026-05-10','PHP',
   133928.57, 16071.43, 150000.00, 0.00, 150000.00, 'open',
   '99999999-9999-9999-9999-999999999999'),
  -- Live Broiler to Magnolia (partially paid)
  ('ffff0001-0000-0000-0000-000000000002','11111111-1111-1111-1111-111111111111',
   '22222222-2222-2222-2222-222222222201','SI-2026-000002',
   'dddd0001-0000-0000-0000-000000000002',
   '2026-04-15','2026-04-30','PHP',
   267857.14, 32142.86, 300000.00, 100000.00, 200000.00, 'partial',
   '99999999-9999-9999-9999-999999999999'),
  -- Live Broiler to Metro Wet Market (overdue)
  ('ffff0001-0000-0000-0000-000000000003','11111111-1111-1111-1111-111111111111',
   '22222222-2222-2222-2222-222222222201','SI-2026-000003',
   'dddd0001-0000-0000-0000-000000000003',
   '2026-03-15','2026-04-14','PHP',
   44642.86, 5357.14, 50000.00, 0.00, 50000.00, 'open',
   '99999999-9999-9999-9999-999999999999'),
  -- Dressed Chicken to Jollibee (open)
  ('ffff0001-0000-0000-0000-000000000004','11111111-1111-1111-1111-111111111111',
   '22222222-2222-2222-2222-222222222201','SI-2026-000004',
   'dddd0001-0000-0000-0000-000000000004',
   '2026-05-01','2026-05-31','PHP',
   446428.57, 53571.43, 500000.00, 0.00, 500000.00, 'open',
   '99999999-9999-9999-9999-999999999999'),
  -- Live Broiler to Bounty Agro (paid)
  ('ffff0001-0000-0000-0000-000000000005','11111111-1111-1111-1111-111111111111',
   '22222222-2222-2222-2222-222222222201','SI-2026-000005',
   'dddd0001-0000-0000-0000-000000000001',
   '2026-04-20','2026-04-30','PHP',
   89285.71, 10714.29, 100000.00, 100000.00, 0.00, 'paid',
   '99999999-9999-9999-9999-999999999999'),
  -- Dressed Chicken (Whole) to SM Supermarket
  ('ffff0001-0000-0000-0000-000000000006','11111111-1111-1111-1111-111111111111',
   '22222222-2222-2222-2222-222222222201','SI-2026-000006',
   'dddd0001-0000-0000-0000-000000000005',
   '2026-05-03','2026-06-02','PHP',
   312500.00, 37500.00, 350000.00, 0.00, 350000.00, 'open',
   '99999999-9999-9999-9999-999999999999'),
  -- Chicken Leg Quarter to Chooks-to-Go
  ('ffff0001-0000-0000-0000-000000000007','11111111-1111-1111-1111-111111111111',
   '22222222-2222-2222-2222-222222222201','SI-2026-000007',
   'dddd0001-0000-0000-0000-000000000006',
   '2026-05-05','2026-06-04','PHP',
   214285.71, 25714.29, 240000.00, 0.00, 240000.00, 'open',
   '99999999-9999-9999-9999-999999999999'),
  -- Chicken Feet (By-Product) to Metro Wet Market (paid)
  ('ffff0001-0000-0000-0000-000000000008','11111111-1111-1111-1111-111111111111',
   '22222222-2222-2222-2222-222222222201','SI-2026-000008',
   'dddd0001-0000-0000-0000-000000000003',
   '2026-04-25','2026-05-02','PHP',
   37946.43, 4553.57, 42500.00, 42500.00, 0.00, 'paid',
   '99999999-9999-9999-9999-999999999999'),
  -- Live Broiler (1500kg×₱115) + Dressed (800kg×₱175) to Manila Hotel
  ('ffff0001-0000-0000-0000-000000000009','11111111-1111-1111-1111-111111111111',
   '22222222-2222-2222-2222-222222222201','SI-2026-000009',
   'dddd0001-0000-0000-0000-000000000007',
   '2026-05-10','2026-05-25','PHP',
   312500.00, 37500.00, 350000.00, 0.00, 350000.00, 'open',
   '99999999-9999-9999-9999-999999999999'),
  -- Chicken Breast (750kg×₱200) + Liver (1000kg×₱90) to SM Supermarket
  ('ffff0001-0000-0000-0000-000000000010','11111111-1111-1111-1111-111111111111',
   '22222222-2222-2222-2222-222222222201','SI-2026-000010',
   'dddd0001-0000-0000-0000-000000000005',
   '2026-05-12','2026-06-11','PHP',
   240000.00, 28800.00, 268800.00, 50000.00, 218800.00, 'partial',
   '99999999-9999-9999-9999-999999999999')
ON CONFLICT (company_id, invoice_no) DO NOTHING;

-- Sales Invoice Lines
INSERT INTO sales_invoice_lines (invoice_id, line_no, item_id, description,
                                  quantity, unit_price, discount_pct, vat_rate,
                                  line_subtotal, line_vat, line_total) VALUES
  ('ffff0001-0000-0000-0000-000000000001',1,'cccc0001-0000-0000-0000-000000000007',
   'Live Broiler Chicken',1163.79,115.00,0,12,133928.57,16071.43,150000.00),
  ('ffff0001-0000-0000-0000-000000000002',1,'cccc0001-0000-0000-0000-000000000007',
   'Live Broiler Chicken',2329.19,115.00,0,12,267857.14,32142.86,300000.00),
  ('ffff0001-0000-0000-0000-000000000003',1,'cccc0001-0000-0000-0000-000000000007',
   'Live Broiler Chicken',387.93,115.00,0,12,44642.86,5357.14,50000.00),
  ('ffff0001-0000-0000-0000-000000000004',1,'cccc0001-0000-0000-0000-000000000008',
   'Dressed Chicken (Whole)',2547.97,175.00,0,12,446428.57,53571.43,500000.00),
  ('ffff0001-0000-0000-0000-000000000005',1,'cccc0001-0000-0000-0000-000000000007',
   'Live Broiler Chicken',775.59,115.00,0,12,89285.71,10714.29,100000.00),
  ('ffff0001-0000-0000-0000-000000000006',1,'cccc0001-0000-0000-0000-000000000008',
   'Dressed Chicken (Whole)',1785.71,175.00,0,12,312500.00,37500.00,350000.00),
  ('ffff0001-0000-0000-0000-000000000007',1,'cccc0001-0000-0000-0000-000000000009',
   'Chicken Leg Quarter',1339.29,160.00,0,12,214285.71,25714.29,240000.00),
  ('ffff0001-0000-0000-0000-000000000008',1,'cccc0001-0000-0000-0000-000000000011',
   'Chicken Feet / Paws',500.00,85.00,0,12,37946.43,4553.57,42500.00),
  ('ffff0001-0000-0000-0000-000000000009',1,'cccc0001-0000-0000-0000-000000000007',
   'Live Broiler Chicken',1500.00,115.00,0,12,172500.00,20700.00,193200.00),
  ('ffff0001-0000-0000-0000-000000000009',2,'cccc0001-0000-0000-0000-000000000008',
   'Dressed Chicken (Whole)',800.00,175.00,0,12,140000.00,16800.00,156800.00),
  ('ffff0001-0000-0000-0000-000000000010',1,'cccc0001-0000-0000-0000-000000000010',
   'Chicken Breast',750.00,200.00,0,12,150000.00,18000.00,168000.00),
  ('ffff0001-0000-0000-0000-000000000010',2,'cccc0001-0000-0000-0000-000000000013',
   'Chicken Liver',1000.00,90.00,0,12,90000.00,10800.00,100800.00)
ON CONFLICT (invoice_id, line_no) DO NOTHING;

-- ============================================================================
-- 12. ADVANCE DOCUMENT SERIES COUNTERS
-- ============================================================================

UPDATE document_series
   SET current_number = GREATEST(current_number, 10)
 WHERE company_id = '11111111-1111-1111-1111-111111111111'
   AND doc_type = 'sales_invoice';
